COMMIT;
ROLLBACK;
--INSERTANDO VALORES A LA TABLA PERSONA--

INSERT INTO PERSONA(RUT,DV, PRIMER_NOMBRE, SEGUNDO_NOMBRE, APELLIDO_PATERNO,APELLIDO_MATERNO,SEXO,FECHA_NACIMIENTO,ESTADO_CIVIL, PAIS_ORIGEN, DIRECCION, COMUNA, TELEFONO, CORREO_ELECTRONICO)VALUES (19992349,'0','JUAN','CARLOS','CACERES','CASTRO','M',TO_DATE('01/12/1988','DD/MM/YYYY'),'SOLTERO',(SELECT ID FROM PAIS WHERE UPPER(TRANSLATE(NOMBRE,'áéíóúÁÉÍÓÚ','aeiouAEIOU')) LIKE 'CHILE'),'CALLE MENTIRA 189',(SELECT ID FROM COMUNA WHERE UPPER(TRANSLATE(NOMBRE,'áéíóúÁÉÍÓÚ','aeiouAEIOU')) LIKE 'LA REINA'),'+56994446999','JU.CARLOS@GOMAIL.CL');
INSERT INTO PERSONA(RUT,DV, PRIMER_NOMBRE, SEGUNDO_NOMBRE, APELLIDO_PATERNO,APELLIDO_MATERNO,SEXO,FECHA_NACIMIENTO,ESTADO_CIVIL, PAIS_ORIGEN, DIRECCION, COMUNA, TELEFONO, CORREO_ELECTRONICO)VALUES (19992909,'1','ACEVEDO','MANRIQUEZ','MARIA','MIREYA','M',TO_DATE('01/06/1988','DD/MM/YYYY'),'SOLTERO',(SELECT ID FROM PAIS WHERE UPPER(TRANSLATE(NOMBRE,'áéíóúÁÉÍÓÚ','aeiouAEIOU')) LIKE 'CHILE'),'CALLE LOCA 19',(SELECT ID FROM COMUNA WHERE UPPER(TRANSLATE(NOMBRE,'áéíóúÁÉÍÓÚ','aeiouAEIOU')) LIKE 'VICUÑA'),'+56998646999','AC.MANRIQUEZ@MAIL.CL');
INSERT INTO PERSONA(RUT,DV, PRIMER_NOMBRE, SEGUNDO_NOMBRE, APELLIDO_PATERNO,APELLIDO_MATERNO,SEXO,FECHA_NACIMIENTO,ESTADO_CIVIL, PAIS_ORIGEN, DIRECCION, COMUNA, TELEFONO, CORREO_ELECTRONICO)VALUES (19392999,'4','TOMAS','JOSÉ','ACOSTA','CANTO','M',TO_DATE('01/07/1989','DD/MM/YYYY'),'CASADO',(SELECT ID FROM PAIS WHERE UPPER(TRANSLATE(NOMBRE,'áéíóúÁÉÍÓÚ','aeiouAEIOU')) LIKE 'CHILE'),'CALLE FALSA 198',(SELECT ID FROM COMUNA WHERE UPPER(TRANSLATE(NOMBRE,'áéíóúÁÉÍÓÚ','aeiouAEIOU')) LIKE 'SAGRADA FAMILIA'),'+56945646999','TO.JOSE@MAIL.CL');
INSERT INTO PERSONA(RUT,DV, PRIMER_NOMBRE, SEGUNDO_NOMBRE, APELLIDO_PATERNO,APELLIDO_MATERNO,SEXO,FECHA_NACIMIENTO,ESTADO_CIVIL, PAIS_ORIGEN, DIRECCION, COMUNA, TELEFONO, CORREO_ELECTRONICO)VALUES (19992299,'3','ENRIQUE','ALI','ALTAMIRANO','GARCIA','M',TO_DATE('11/07/1979','DD/MM/YYYY'),'SOLTERO',(SELECT ID FROM PAIS WHERE UPPER(TRANSLATE(NOMBRE,'áéíóúÁÉÍÓÚ','aeiouAEIOU')) LIKE 'CHILE'),'CALLE JAJA 228',(SELECT ID FROM COMUNA WHERE UPPER(TRANSLATE(NOMBRE,'áéíóúÁÉÍÓÚ','aeiouAEIOU')) LIKE 'ROMERAL'),'+56945646147','EN.ALI@MAIL.CL');
INSERT INTO PERSONA(RUT,DV, PRIMER_NOMBRE, SEGUNDO_NOMBRE, APELLIDO_PATERNO,APELLIDO_MATERNO,SEXO,FECHA_NACIMIENTO,ESTADO_CIVIL, PAIS_ORIGEN, DIRECCION, COMUNA, TELEFONO, CORREO_ELECTRONICO)VALUES (19992999,'2','ARMANDO','SEGUNDO','CASAS','ANGULO','M',TO_DATE('21/07/1995','DD/MM/YYYY'),'SOLTERO',(SELECT ID FROM PAIS WHERE UPPER(TRANSLATE(NOMBRE,'áéíóúÁÉÍÓÚ','aeiouAEIOU')) LIKE 'CHILE'),'CALLE NORESTE 775',(SELECT ID FROM COMUNA WHERE UPPER(TRANSLATE(NOMBRE,'áéíóúÁÉÍÓÚ','aeiouAEIOU')) LIKE 'TENO'),'+56949846147','AR.CASAS@MAIL.CL');
INSERT INTO PERSONA(RUT,DV, PRIMER_NOMBRE, SEGUNDO_NOMBRE, APELLIDO_PATERNO,APELLIDO_MATERNO,SEXO,FECHA_NACIMIENTO,ESTADO_CIVIL, PAIS_ORIGEN, DIRECCION, COMUNA, TELEFONO, CORREO_ELECTRONICO)VALUES (19942999,'0','NORMA','NELIA','FIGUEROA','SALMORÁN','F',TO_DATE('17/02/1999','DD/MM/YYYY'),'CASADA',(SELECT ID FROM PAIS WHERE UPPER(TRANSLATE(NOMBRE,'áéíóúÁÉÍÓÚ','aeiouAEIOU')) LIKE 'CHILE'),'CALLE SIEMPRE VIVA 117',(SELECT ID FROM COMUNA WHERE UPPER(TRANSLATE(NOMBRE,'áéíóúÁÉÍÓÚ','aeiouAEIOU')) LIKE 'CALAMA'),'+56975346147','NOR.NELIA@MAIL.CL');
INSERT INTO PERSONA(RUT,DV, PRIMER_NOMBRE, SEGUNDO_NOMBRE, APELLIDO_PATERNO,APELLIDO_MATERNO,SEXO,FECHA_NACIMIENTO,ESTADO_CIVIL, PAIS_ORIGEN, DIRECCION, COMUNA, TELEFONO, CORREO_ELECTRONICO)VALUES (19882999,'2','ALBA','LORENIA','GALAVIZ','RAMIRES','F',TO_DATE('18/11/1988','DD/MM/YYYY'),'SOLTERA',(SELECT ID FROM PAIS WHERE UPPER(TRANSLATE(NOMBRE,'áéíóúÁÉÍÓÚ','aeiouAEIOU')) LIKE 'CHILE'),'CALLE VIVA 1717',(SELECT ID FROM COMUNA WHERE UPPER(TRANSLATE(NOMBRE,'áéíóúÁÉÍÓÚ','aeiouAEIOU')) LIKE 'CONCON'),'+56946589147','LO.ALBA@MAIL.CL');
INSERT INTO PERSONA(RUT,DV, PRIMER_NOMBRE, SEGUNDO_NOMBRE, APELLIDO_PATERNO,APELLIDO_MATERNO,SEXO,FECHA_NACIMIENTO,ESTADO_CIVIL, PAIS_ORIGEN, DIRECCION, COMUNA, TELEFONO, CORREO_ELECTRONICO)VALUES (19997869,'K','OCTAVIO','JOEL','FLOREZ','MARTINEZ','M',TO_DATE('18/07/1988','DD/MM/YYYY'),'SOLTERA',(SELECT ID FROM PAIS WHERE UPPER(TRANSLATE(NOMBRE,'áéíóúÁÉÍÓÚ','aeiouAEIOU')) LIKE 'CHILE'),'CALLE SUR 8817',(SELECT ID FROM COMUNA WHERE UPPER(TRANSLATE(NOMBRE,'áéíóúÁÉÍÓÚ','aeiouAEIOU')) LIKE 'CONCON'),'+56911111147','AC.JOEL@MAIL.CL');
INSERT INTO PERSONA(RUT,DV, PRIMER_NOMBRE, SEGUNDO_NOMBRE, APELLIDO_PATERNO,APELLIDO_MATERNO,SEXO,FECHA_NACIMIENTO,ESTADO_CIVIL, PAIS_ORIGEN, DIRECCION, COMUNA, TELEFONO, CORREO_ELECTRONICO)VALUES (19147869,'1','CARLOS','PORFIRIO','FUENTEZ','MENA','M',TO_DATE('18/07/1978','DD/MM/YYYY'),'SOLTERA',(SELECT ID FROM PAIS WHERE UPPER(TRANSLATE(NOMBRE,'áéíóúÁÉÍÓÚ','aeiouAEIOU')) LIKE 'CHILE'),'CALLE NORTE 817',(SELECT ID FROM COMUNA WHERE UPPER(TRANSLATE(NOMBRE,'áéíóúÁÉÍÓÚ','aeiouAEIOU')) LIKE 'CONCON'),'+56912221147','CA.PORFIRIO@MAIL.CL');
INSERT INTO PERSONA(RUT,DV, PRIMER_NOMBRE, SEGUNDO_NOMBRE, APELLIDO_PATERNO,APELLIDO_MATERNO,SEXO,FECHA_NACIMIENTO,ESTADO_CIVIL, PAIS_ORIGEN, DIRECCION, COMUNA, TELEFONO, CORREO_ELECTRONICO)VALUES (18102149,'1','BLANCO','ARTURO','GALDÁMEZ','CERDAN','M',TO_DATE('28/12/1998','DD/MM/YYYY'),'CASADO',(SELECT ID FROM PAIS WHERE UPPER(TRANSLATE(NOMBRE,'áéíóúÁÉÍÓÚ','aeiouAEIOU')) LIKE 'CHILE'),'CALLE SILVA 774',(SELECT ID FROM COMUNA WHERE UPPER(TRANSLATE(NOMBRE,'áéíóúÁÉÍÓÚ','aeiouAEIOU')) LIKE 'CASABLANCA'),'+56933333347','BLA.ARTURO@MAIL.CL');
INSERT INTO PERSONA(RUT,DV, PRIMER_NOMBRE, SEGUNDO_NOMBRE, APELLIDO_PATERNO,APELLIDO_MATERNO,SEXO,FECHA_NACIMIENTO,ESTADO_CIVIL, PAIS_ORIGEN, DIRECCION, COMUNA, TELEFONO, CORREO_ELECTRONICO)VALUES (18999999,'4','JUAN','PABLO','GARCÍA','LÓPEZ','M',TO_DATE('14/09/1992','DD/MM/YYYY'),'CASADO',(SELECT ID FROM PAIS WHERE UPPER(TRANSLATE(NOMBRE,'áéíóúÁÉÍÓÚ','aeiouAEIOU')) LIKE 'CHILE'),'CALLE CASTRO 8774',(SELECT ID FROM COMUNA WHERE UPPER(TRANSLATE(NOMBRE,'áéíóúÁÉÍÓÚ','aeiouAEIOU')) LIKE 'CASABLANCA'),'+56977773347','JU.PABLO@MAIL.CL');
INSERT INTO PERSONA(RUT,DV, PRIMER_NOMBRE, SEGUNDO_NOMBRE, APELLIDO_PATERNO,APELLIDO_MATERNO,SEXO,FECHA_NACIMIENTO,ESTADO_CIVIL, PAIS_ORIGEN, DIRECCION, COMUNA, TELEFONO, CORREO_ELECTRONICO)VALUES (18997777,'0','TEODORO','QUINTÍN','GALINDO','SÁNCHES','M',TO_DATE('19/01/1982','DD/MM/YYYY'),'SOLTERO',(SELECT ID FROM PAIS WHERE UPPER(TRANSLATE(NOMBRE,'áéíóúÁÉÍÓÚ','aeiouAEIOU')) LIKE 'CHILE'),'CALLE ROMERO 8554',(SELECT ID FROM COMUNA WHERE UPPER(TRANSLATE(NOMBRE,'áéíóúÁÉÍÓÚ','aeiouAEIOU')) LIKE 'PICA'),'+56978888347','TE.QUINTIN@MAIL.CL');
INSERT INTO PERSONA(RUT,DV, PRIMER_NOMBRE, SEGUNDO_NOMBRE, APELLIDO_PATERNO,APELLIDO_MATERNO,SEXO,FECHA_NACIMIENTO,ESTADO_CIVIL, PAIS_ORIGEN, DIRECCION, COMUNA, TELEFONO, CORREO_ELECTRONICO)VALUES (18444447,'K','MIRIAM','AIDÉ','GARCÍA','GARCÍA','F',TO_DATE('31/05/1991','DD/MM/YYYY'),'SOLTERA',(SELECT ID FROM PAIS WHERE UPPER(TRANSLATE(NOMBRE,'áéíóúÁÉÍÓÚ','aeiouAEIOU')) LIKE 'CHILE'),'CALLE BRUNET 111',(SELECT ID FROM COMUNA WHERE UPPER(TRANSLATE(NOMBRE,'áéíóúÁÉÍÓÚ','aeiouAEIOU')) LIKE 'HUARA'),'+56971111147','MI.GARCIA@MAIL.CL');
INSERT INTO PERSONA(RUT,DV, PRIMER_NOMBRE, SEGUNDO_NOMBRE, APELLIDO_PATERNO,APELLIDO_MATERNO,SEXO,FECHA_NACIMIENTO,ESTADO_CIVIL, PAIS_ORIGEN, DIRECCION, COMUNA, TELEFONO, CORREO_ELECTRONICO)VALUES (19777777,'1','MARÍA','ANTONELA','CANCINO','GALLEJOS','F',TO_DATE('22/09/1981','DD/MM/YYYY'),'SOLTERA',(SELECT ID FROM PAIS WHERE UPPER(TRANSLATE(NOMBRE,'áéíóúÁÉÍÓÚ','aeiouAEIOU')) LIKE 'CHILE'),'CALLE ROJAS 2211',(SELECT ID FROM COMUNA WHERE UPPER(TRANSLATE(NOMBRE,'áéíóúÁÉÍÓÚ','aeiouAEIOU')) LIKE 'LA REINA'),'+56923233147','MA.ANTONELLA@MAIL.CL');
INSERT INTO PERSONA(RUT,DV, PRIMER_NOMBRE, SEGUNDO_NOMBRE, APELLIDO_PATERNO,APELLIDO_MATERNO,SEXO,FECHA_NACIMIENTO,ESTADO_CIVIL, PAIS_ORIGEN, DIRECCION, COMUNA, TELEFONO, CORREO_ELECTRONICO)VALUES (19252527,'7','JUANA','ARCO','CASTILLO','CANTO','F',TO_DATE('31/03/1999','DD/MM/YYYY'),'SOLTERA',(SELECT ID FROM PAIS WHERE UPPER(TRANSLATE(NOMBRE,'áéíóúÁÉÍÓÚ','aeiouAEIOU')) LIKE 'CHILE'),'CALLE MAGALLANES 115',(SELECT ID FROM COMUNA WHERE UPPER(TRANSLATE(NOMBRE,'áéíóúÁÉÍÓÚ','aeiouAEIOU')) LIKE 'LA REINA'),'+56929999999','JU.CASTILLO@MAIL.CL');

--INSERTANDO VALORES A LA TABLA EMPLEADOS--

INSERT INTO EMPLEADO VALUES (SQ_EMPLEADO.NEXTVAL,77788788,19252527,'VENDEDOR', 250000);
INSERT INTO EMPLEADO VALUES (SQ_EMPLEADO.NEXTVAL,77788788,19777777,'GERENTE GENERAL', 6500000);
INSERT INTO EMPLEADO VALUES (SQ_EMPLEADO.NEXTVAL,77788788,18444447,'GERENTE GENERAL', 6500000);
INSERT INTO EMPLEADO VALUES (SQ_EMPLEADO.NEXTVAL,77788788,18997777,'VENDEDOR', 250000);
INSERT INTO EMPLEADO VALUES (SQ_EMPLEADO.NEXTVAL,77788788,18999999,'VENDEDOR', 250000);
INSERT INTO EMPLEADO VALUES (SQ_EMPLEADO.NEXTVAL,77788788,18102149,'VENDEDOR', 250000);
INSERT INTO EMPLEADO VALUES (SQ_EMPLEADO.NEXTVAL,77788788,19147869,'VENDEDOR', 250000);
INSERT INTO EMPLEADO VALUES (SQ_EMPLEADO.NEXTVAL,77788788,19997869,'VENDEDOR', 250000);
INSERT INTO EMPLEADO VALUES (SQ_EMPLEADO.NEXTVAL,77788788,19882999,'TECNICO DE MANTENIMIENTO', 700000);
INSERT INTO EMPLEADO VALUES (SQ_EMPLEADO.NEXTVAL,77788788,19942999,'VENDEDOR', 250000);
INSERT INTO EMPLEADO VALUES (SQ_EMPLEADO.NEXTVAL,77788788,19992999,'VENDEDOR', 250000);
INSERT INTO EMPLEADO VALUES (SQ_EMPLEADO.NEXTVAL,77788788,19992299,'VENDEDOR', 250000);
INSERT INTO EMPLEADO VALUES (SQ_EMPLEADO.NEXTVAL,77788788,19392999,'GERENTE GENERAL', 6500000);
INSERT INTO EMPLEADO VALUES (SQ_EMPLEADO.NEXTVAL,77788788,19992909,'VENDEDOR', 250000);
INSERT INTO EMPLEADO VALUES (SQ_EMPLEADO.NEXTVAL,77788788,19992349,'VENDEDOR', 250000);

--INSERTANDO DATOS A LA TABLA CLIENTE

INSERT INTO CLIENTE VALUES (SQ_CLIENTE.NEXTVAL,TO_DATE('29/03/2018','DD/MM/YYYY'),19252527);
INSERT INTO CLIENTE VALUES (SQ_CLIENTE.NEXTVAL,TO_DATE('29/03/2018','DD/MM/YYYY'),19992909);
INSERT INTO CLIENTE VALUES (SQ_CLIENTE.NEXTVAL,TO_DATE('29/03/2018','DD/MM/YYYY'),19392999);
INSERT INTO CLIENTE VALUES (SQ_CLIENTE.NEXTVAL,TO_DATE('29/03/2018','DD/MM/YYYY'),19992999);
INSERT INTO CLIENTE VALUES (SQ_CLIENTE.NEXTVAL,TO_DATE('28/03/2018','DD/MM/YYYY'),19992299);
INSERT INTO CLIENTE VALUES (SQ_CLIENTE.NEXTVAL,TO_DATE('28/03/2018','DD/MM/YYYY'),18102149);
INSERT INTO CLIENTE VALUES (SQ_CLIENTE.NEXTVAL,TO_DATE('27/03/2018','DD/MM/YYYY'),19882999);
INSERT INTO CLIENTE VALUES (SQ_CLIENTE.NEXTVAL,TO_DATE('27/01/2018','DD/MM/YYYY'),19777777);
INSERT INTO CLIENTE VALUES (SQ_CLIENTE.NEXTVAL,TO_DATE('27/01/2018','DD/MM/YYYY'),18444447);
INSERT INTO CLIENTE VALUES (SQ_CLIENTE.NEXTVAL,TO_DATE('25/01/2018','DD/MM/YYYY'),18997777);
INSERT INTO CLIENTE VALUES (SQ_CLIENTE.NEXTVAL,TO_DATE('25/01/2018','DD/MM/YYYY'),18999999);
INSERT INTO CLIENTE VALUES (SQ_CLIENTE.NEXTVAL,TO_DATE('25/02/2018','DD/MM/YYYY'),19942999);
INSERT INTO CLIENTE VALUES (SQ_CLIENTE.NEXTVAL,TO_DATE('21/02/2018','DD/MM/YYYY'),19147869);
INSERT INTO CLIENTE VALUES (SQ_CLIENTE.NEXTVAL,TO_DATE('21/02/2018','DD/MM/YYYY'),19997869);
INSERT INTO CLIENTE VALUES (SQ_CLIENTE.NEXTVAL,TO_DATE('21/02/2018','DD/MM/YYYY'),19992349);

--INSERTANDO VALORES EN LA TABLA MARCA--
INSERT INTO MARCA VALUES(SQ_MARCA.NEXTVAL,'Tabacos Apolo S.A.',1);
INSERT INTO MARCA VALUES(SQ_MARCA.NEXTVAL,'frutos del maipo',1);
INSERT INTO MARCA VALUES(SQ_MARCA.NEXTVAL,'alimentos y frutos s.a',1);
INSERT INTO MARCA VALUES(SQ_MARCA.NEXTVAL,'jugos chile',1);
INSERT INTO MARCA VALUES(SQ_MARCA.NEXTVAL,'gran chile',1);
INSERT INTO MARCA VALUES(SQ_MARCA.NEXTVAL,'ideal',1);
INSERT INTO MARCA VALUES(SQ_MARCA.NEXTVAL,'omni o.m',1);
INSERT INTO MARCA VALUES(SQ_MARCA.NEXTVAL,'castaño', 1);
INSERT INTO MARCA VALUES(SQ_MARCA.NEXTVAL,'montero',1);
INSERT INTO MARCA VALUES(SQ_MARCA.NEXTVAL,'parmex ',1);
INSERT INTO MARCA VALUES(SQ_MARCA.NEXTVAL,'surfrut ',1);
INSERT INTO MARCA VALUES(SQ_MARCA.NEXTVAL,'Food tech ',1);
INSERT INTO MARCA VALUES(SQ_MARCA.NEXTVAL,'cambiaso',1);
INSERT INTO MARCA VALUES(SQ_MARCA.NEXTVAL,'Innvita',1);
INSERT INTO MARCA VALUES(SQ_MARCA.NEXTVAL,'naturex',1);

--INSERTANDO VALORES EN LA TABLA PRODUCTO

INSERT INTO PRODUCTO VALUES(SQ_PRODUCTO.NEXTVAL,'TABACOS', NULL, (SYSDATE + 20),(SELECT ID FROM MARCA WHERE NOMBRE LIKE 'Tabacos Apolo S.A.'),1999);
INSERT INTO PRODUCTO VALUES(SQ_PRODUCTO.NEXTVAL,'MIX TROPICAL', NULL, (SYSDATE + 20),(SELECT ID FROM MARCA WHERE NOMBRE LIKE 'frutos del maipo'),2005);
INSERT INTO PRODUCTO VALUES(SQ_PRODUCTO.NEXTVAL,'NUECES', NULL, (SYSDATE + 20),(SELECT ID FROM MARCA WHERE NOMBRE LIKE 'alimentos y frutos s.a'),3100); 
INSERT INTO PRODUCTO VALUES(SQ_PRODUCTO.NEXTVAL,'Jugo naranja', NULL, (SYSDATE + 20),(SELECT ID FROM MARCA WHERE NOMBRE LIKE 'jugos chile'),1100);
INSERT INTO PRODUCTO VALUES(SQ_PRODUCTO.NEXTVAL,'galletas', NULL, (SYSDATE + 20),(SELECT ID FROM MARCA WHERE NOMBRE LIKE 'gran chile'),1550);
INSERT INTO PRODUCTO VALUES(SQ_PRODUCTO.NEXTVAL,'pan de molde', NULL, (SYSDATE + 20),(SELECT ID FROM MARCA WHERE NOMBRE LIKE 'ideal'),1250);
INSERT INTO PRODUCTO VALUES(SQ_PRODUCTO.NEXTVAL,'aceite', NULL, (SYSDATE + 20),(SELECT ID FROM MARCA WHERE NOMBRE LIKE 'omni o.m'),1500);
INSERT INTO PRODUCTO VALUES(SQ_PRODUCTO.NEXTVAL,'muffin', NULL, (SYSDATE + 20),(SELECT ID FROM MARCA WHERE NOMBRE LIKE 'castaño'),1400);
INSERT INTO PRODUCTO VALUES(SQ_PRODUCTO.NEXTVAL,'papas', NULL, (SYSDATE + 20),(SELECT ID FROM MARCA WHERE NOMBRE LIKE 'montero'),1110);
INSERT INTO PRODUCTO VALUES(SQ_PRODUCTO.NEXTVAL,'almendras', NULL, (SYSDATE + 20),(SELECT ID FROM MARCA WHERE NOMBRE LIKE 'parmex '),1520);
INSERT INTO PRODUCTO VALUES(SQ_PRODUCTO.NEXTVAL,'platano confitado', NULL, (SYSDATE + 20),(SELECT ID FROM MARCA WHERE NOMBRE LIKE 'surfrut '),1700);
INSERT INTO PRODUCTO VALUES(SQ_PRODUCTO.NEXTVAL,'uva', NULL, (SYSDATE + 20),(SELECT ID FROM MARCA WHERE NOMBRE LIKE 'Food tech '),1800);
INSERT INTO PRODUCTO VALUES(SQ_PRODUCTO.NEXTVAL,'azucar', NULL, (SYSDATE + 20),(SELECT ID FROM MARCA WHERE NOMBRE LIKE 'cambiaso'),2000);
INSERT INTO PRODUCTO VALUES(SQ_PRODUCTO.NEXTVAL,'cafe', NULL, (SYSDATE + 20),(SELECT ID FROM MARCA WHERE NOMBRE LIKE 'Innvita'),2500);
INSERT INTO PRODUCTO VALUES(SQ_PRODUCTO.NEXTVAL,'arroz', NULL, (SYSDATE + 20),(SELECT ID FROM MARCA WHERE NOMBRE LIKE 'naturex'),1200);

--CREANDO LA TABLA DETALLE FACTURA

CREATE TABLE DETALLE_FACTURA
(
FOLIO_FACTURA NUMBER,
PRODUCTO NUMBER NOT NULL,
CANTIDAD NUMBER NOT NULL,
TOTAL NUMBER NOT NULL,
FACTURA_FOLIO NUMBER NOT NULL,
FACTURA_EMPRESA_VENDEDORA NUMBER NOT NULL,
CONSTRAINT PK_DETALLE_FACTURA PRIMARY KEY (FOLIO_FACTURA,PRODUCTO),
CONSTRAINT FK_DETALLE_PRODUCTO FOREIGN KEY (PRODUCTO) REFERENCES PRODUCTO(ID),
CONSTRAINT FK_DETALLE_FACTURA_FACTURA_FK FOREIGN KEY (FACTURA_FOLIO,FACTURA_EMPRESA_VENDEDORA) REFERENCES FACTURA(FOLIO,EMPRESA_VENDEDORA)
);

--CUIDADO DESDE AQUI AVECES CAUSA ERRORES QUITEN EL SEQ Y PONGALO --MANUAL
--INSERTANDO VALORES EN LA TABLA FACTURA Y DETALLE FACTURA
--SELECT * FROM CLIENTE;
SELECT * FROM EMPRESA;
DROP SEQUENCE SEQ_FACTURA;
DROP SEQUENCE SEQ_DETALLE;
CREATE SEQUENCE SEQ_FACTURA START WITH 1;
CREATE SEQUENCE SEQ_DETALLE START WITH 1;
INSERT INTO FACTURA VALUES(SEQ_FACTURA.NEXTVAL,77777777,2,1,1200,SYSDATE,(1200*0.19),null,1200+(1200*0.19),(SELECT ID FROM FORMA_PAGO WHERE NOMBRE_PAGO LIKE 'EFECTIVO'));
INSERT INTO FACTURA VALUES(SEQ_FACTURA.NEXTVAL,77777777,2,2,1600,SYSDATE,(1600*0.19),null,1600+(1600*0.19),(SELECT ID FROM FORMA_PAGO WHERE NOMBRE_PAGO LIKE 'EFECTIVO'));
INSERT INTO FACTURA VALUES(SEQ_FACTURA.NEXTVAL,77788888,3,3,900,SYSDATE,(900*0.19),null,900+(900*0.19),(SELECT ID FROM FORMA_PAGO WHERE NOMBRE_PAGO LIKE 'TARJETA CRÉDITO'));
INSERT INTO FACTURA VALUES(SEQ_FACTURA.NEXTVAL,77788888,3,4,1400,SYSDATE,(1400*0.19),null,1400+(1400*0.19),(SELECT ID FROM FORMA_PAGO WHERE NOMBRE_PAGO LIKE 'TARJETA DÉBITO'));
INSERT INTO FACTURA VALUES(SEQ_FACTURA.NEXTVAL,77766666,4,5,900,SYSDATE,(900*0.19),null,900+(900*0.19),(SELECT ID FROM FORMA_PAGO WHERE NOMBRE_PAGO LIKE 'TARJETA CRÉDITO'));
INSERT INTO FACTURA VALUES(SEQ_FACTURA.NEXTVAL,77766666,5,6,900,SYSDATE,(900*0.19),null,900+(900*0.19),(SELECT ID FROM FORMA_PAGO WHERE NOMBRE_PAGO LIKE 'TARJETA DÉBITO'));
INSERT INTO FACTURA VALUES(SEQ_FACTURA.NEXTVAL,77788788,4,7,1200,SYSDATE,(1200*0.19),null,1200+(1200*0.19),(SELECT ID FROM FORMA_PAGO WHERE NOMBRE_PAGO LIKE 'EFECTIVO'));
INSERT INTO FACTURA VALUES(SEQ_FACTURA.NEXTVAL,77788788,7,8,1600,SYSDATE,(1600*0.19),null,1600+(1600*0.19),(SELECT ID FROM FORMA_PAGO WHERE NOMBRE_PAGO LIKE 'CHEQUE'));
INSERT INTO FACTURA VALUES(SEQ_FACTURA.NEXTVAL,97788691,7,9,900,SYSDATE,(900*0.19),null,900+(900*0.19),(SELECT ID FROM FORMA_PAGO WHERE NOMBRE_PAGO LIKE 'EFECTIVO'));
INSERT INTO FACTURA VALUES(SEQ_FACTURA.NEXTVAL,97788691,2,10,900,SYSDATE,(900*0.19),null,900+(900*0.19),(SELECT ID FROM FORMA_PAGO WHERE NOMBRE_PAGO LIKE 'EFECTIVO'));


INSERT INTO DETALLE_FACTURA VALUES(SEQ_DETALLE.NEXTVAL,1,3,1200,1,77777777);
INSERT INTO DETALLE_FACTURA VALUES(SEQ_DETALLE.NEXTVAL,1,4,1600,2,77777777);
INSERT INTO DETALLE_FACTURA VALUES(SEQ_DETALLE.NEXTVAL,2,3,900,3,77788888);
INSERT INTO DETALLE_FACTURA VALUES(SEQ_DETALLE.NEXTVAL,7,2,1400,4,77788888);
INSERT INTO DETALLE_FACTURA VALUES(SEQ_DETALLE.NEXTVAL,2,3,900,5,77766666);
INSERT INTO DETALLE_FACTURA VALUES(SEQ_DETALLE.NEXTVAL,2,3,900,6,77766666);
INSERT INTO DETALLE_FACTURA VALUES(SEQ_DETALLE.NEXTVAL,1,4,1200,7,77788788);
INSERT INTO DETALLE_FACTURA VALUES(SEQ_DETALLE.NEXTVAL,1,5,1600,8,77788788);
INSERT INTO DETALLE_FACTURA VALUES(SEQ_DETALLE.NEXTVAL,2,3,900,9,97788691);
INSERT INTO DETALLE_FACTURA VALUES(SEQ_DETALLE.NEXTVAL,2,3,900,10,97788691);

SELECT * FROM FACTURA;

